Id,Description,URL
1,"It is a long established fact that a reader will be distracted by the readable content of a page when looking at its layout. The point of using Lorem Ipsum is that it has a more-or-less normal distribution of letters, as opposed to using 'Content here, content here', making it look like readable English.",http://yourshot.nationalgeographic.com/u/fQYSUbVfts-T7pS2VP2wnKyN8wxywmXtY0-FwsgxoQUUu64xTHoh4QtE4gfZ1c2E7eHDcd_DPzchhzA96lON/
2,"Sed a nulla a nisi efficitur faucibus in in ex. Nunc felis dolor, gravida non congue vel, pretium nec eros. Curabitur sollicitudin dictum diam ut vestibulum. Aenean bibendum, nunc id fermentum iaculis, eros lectus lobortis metus, non congue sem tellus vel neque. Nunc eget pharetra arcu. ",http://r.ddmcdn.com/w_830/s_f/o_1/cx_98/cy_0/cw_640/ch_360/APL/uploads/2015/07/cecil-AP463227356214-1000x400.jpg
3,"Vestibulum ultrices enim eu ipsum tristique interdum. Interdum et malesuada fames ac ante ipsum primis in faucibus. Vivamus iaculis, est a blandit sodales, est arcu fringilla tortor, nec convallis turpis diam ac felis. Pellentesque nec odio ex. Suspendisse quam nisi, finibus in venenatis sed, porttitor ut magna. Sed porttitor massa est, semper mattis orci auctor a. Donec sollicitudin aliquet dui a varius. Aliquam euismod turpis ac ante accumsan mollis. ",http://kids.nationalgeographic.com/content/dam/kids/photos/games/screen-shots/More%20Games/A-G/babyanimal_open.jpg
4,Praesent sodales efficitur pharetra.  ,https://encrypted-tbn2.gstatic.com/images?q=tbn:ANd9GcQPaGmW9BvvATM1Cct29JD7E3z5O1CvQIyLxPftXAbJjCsdvopW
5,"Phasellus nec ex id odio varius faucibus eu at sapien. Ut dapibus pulvinar pellentesque. Mauris lobortis tempus felis sed faucibus. Praesent blandit, odio porttitor blandit tincidunt, tortor felis viverra enim, at molestie lorem magna eget justo. Maecenas tincidunt condimentum nibh, sed efficitur ligula tempus porttitor. ",https://newevolutiondesigns.com/images/freebies/animals-background-7.jpg
6,"Nam laoreet ultricies massa eget convallis. Cras a lorem eget mauris imperdiet vestibulum eget non nisi. Nunc ac dictum velit, sit amet venenatis arcu. Ut interdum malesuada mollis. Integer aliquet eget purus vel aliquam. Mauris est ligula, consectetur sit amet lobortis eu, maximus nec lectus. Nunc vestibulum congue arcu, vel aliquam ipsum consectetur ac. In hac habitasse platea dictumst. Nullam dapibus porta mi, non commodo turpis eleifend et. ",http://eskipaper.com/images/baby-animals-hd-1.jpg
7,"Curabitur sem risus, fermentum nec nunc nec, venenatis lacinia diam. Nunc aliquet vel orci non maximus. Aliquam erat volutpat. Pellentesque vitae finibus metus. Nunc dignissim feugiat metus, a convallis diam pulvinar ut. Etiam rutrum vestibulum odio. Nam sed nulla malesuada purus viverra fermentum et ultrices ex. Maecenas aliquet imperdiet posuere. ",https://encrypted-tbn2.gstatic.com/images?q=tbn:ANd9GcS2LefHmZ72qdLyVQZdVOlyPJmtaOiliSXgHXzVYpg_7B5fr9kI
8,Etiam a porttitor augue. Mauris vel massa libero. Maecenas tincidunt iaculis interdum. Nunc pharetra nunc ut quam faucibus elementum. Cras ullamcorper diam in condimentum fermentum. In ut vulputate lorem. Nullam semper ex ut blandit lacinia. ,http://3.bp.blogspot.com/-8ikaiULp9Bw/UVic17NFQzI/AAAAAAAABzs/N_7WIeXDgXQ/s1600/Wild-Animals-714949.jpg
9,Lorem ipsum dolor sit amet. ,http://growld.com/wp-content/uploads/2014/03/hybrid-animals-feature-700x475.jpg
10,"Lorem ipsum dolor sit amet, consectetur adipiscing elit. Nulla id rutrum nulla. Nulla accumsan odio sit amet imperdiet dignissim. Proin pulvinar ut lorem sit amet aliquam.  ",http://27ldk4j1esh2tto962ds2vk1.wpengine.netdna-cdn.com/wp-content/uploads/crab-1.jpg
11,"Maecenas nec mattis arcu. Nulla auctor arcu quis velit pretium, sit amet finibus quam cursus. Curabitur dapibus enim in leo finibus euismod. In suscipit ornare sapien sit amet tempus. Vivamus sapien arcu, dignissim ut turpis vitae, convallis tincidunt arcu. Donec leo dui, placerat in luctus sit amet, porta sit amet sapien. Ut malesuada odio quis lacus fringilla imperdiet at vel tortor. Nulla hendrerit lectus nec vulputate porttitor. Pellentesque quis orci id sem tempus fermentum. Proin ultrices sollicitudin finibus. ",http://www.wired.com/wp-content/uploads/2015/04/85120553.jpg
12,"Ut posuere a nulla cursus aliquet. Curabitur molestie auctor consectetur. Duis in gravida tortor, sed laoreet justo. Vestibulum at pulvinar risus. ",https://encrypted-tbn2.gstatic.com/images?q=tbn:ANd9GcSp4n0ZnYmFVc97mg-S6NCLHEUrEAOnLibrCOFYyK6wHmtVyFxw
13,"Nullam in est volutpat sem ultricies pellentesque sed id orci. Vestibulum a cursus sapien. Vestibulum massa sem, efficitur et dignissim vitae, suscipit sodales enim. Quisque tincidunt dolor diam, vitae varius libero dignissim non. Suspendisse imperdiet lacinia nulla. Ut risus diam, ultrices nec sagittis in, condimentum vel lorem. Mauris augue neque, euismod vel sapien at, tristique vulputate nisl. ",http://kids.nationalgeographic.com/content/dam/kids/photos/animals/Mammals/A-G/giant-panda-eating.jpg
14,"Ut vulputate in turpis facilisis ultrices. Vestibulum arcu urna, viverra nec hendrerit ut, vestibulum nec leo. Maecenas sagittis arcu nec purus congue commodo. ",http://kids.nationalgeographic.com/content/dam/kids/photos/animals/Mammals/A-G/caracal-run.adapt.470.1.jpg
15,"Ut varius risus in nunc placerat imperdiet. Ut nisi lorem, fermentum sed neque nec, hendrerit fringilla urna. Mauris gravida arcu nulla, in facilisis risus consectetur ullamcorper. Duis id erat mauris. Cras dui tortor, tristique non diam ac, auctor convallis erat. Pellentesque in suscipit nisi. Nunc sed euismod justo. Cras augue tellus, rhoncus ut augue vitae, porttitor sollicitudin orci. Vestibulum vel nisl ut velit dictum auctor. ",http://oddstuffmagazine.com/wp-content/uploads/2013/06/natgeocontest011-610x457.jpg
16,"Fusce mollis euismod dui quis mattis. Aliquam et nisl vulputate, euismod elit a, finibus turpis. Aliquam eleifend nulla non turpis convallis, a bibendum ex vulputate.  ",http://r.ddmcdn.com/s_f/o_1/cx_297/cy_0/cw_1201/ch_1201/w_720/APL/uploads/2014/08/wild-animal-safari-zebra-5371037.jpg
17,"uspendisse eu quam at mi blandit porttitor. Sed porttitor aliquet lectus, in venenatis magna mattis vitae. Sed efficitur venenatis lacus, sit amet laoreet nisi commodo ac. Nullam lobortis diam in gravida rhoncus. Aenean eget dui nec tellus scelerisque semper. Donec sed hendrerit magna, sit amet hendrerit augue. Vestibulum malesuada gravida orci mollis rutrum. Pellentesque dolor sapien, efficitur fermentum sollicitudin non, posuere ut risus. Fusce in dignissim turpis, eu dapibus purus. In ac diam porttitor justo egestas feugiat. Sed eget mauris ut felis efficitur feugiat. ",http://audubonnatureinstitute.org/images/600x450/zoo/giraffe2-600.jpg
18,"Nullam eu urna pharetra, rutrum quam ac, rutrum libero. Donec augue eros, commodo quis turpis ut, vestibulum interdum ligula. Interdum et malesuada fames ac ante ipsum primis in faucibus.  ",https://i.ytimg.com/vi/gMihptkaWg0/maxresdefault.jpg
19,"Donec a sem mi. Duis quis volutpat ligula. Cras eleifend rhoncus eros. Quisque sit amet massa eget nisl vehicula luctus. Quisque sagittis rutrum efficitur. Integer tempor ut felis sit amet cursus. Nulla eget vestibulum turpis. Nulla sodales, enim efficitur facilisis facilisis, urna diam dictum elit, sit amet porttitor justo metus ac nisl. ",http://cdn.earthporm.com/wp-content/uploads/2014/07/animals-with-miniature-versions-of-themselves-3.jpg
20,"Cum sociis natoque penatibus et magnis dis parturient montes, nascetur ridiculus mus. Phasellus quis enim feugiat, hendrerit orci sed, eleifend dolor. Proin ut pulvinar magna. Vivamus a ipsum porta, lacinia tortor eu, auctor neque. Suspendisse felis enim, rhoncus sed dui at, vulputate faucibus lectus. Duis blandit egestas volutpat. Morbi rhoncus eros quis ante tincidunt venenatis. Vestibulum ut leo vehicula, molestie sem sit amet, ullamcorper massa.  ",https://encrypted-tbn1.gstatic.com/images?q=tbn:ANd9GcTIeCdeZL6PjsDF7naHiH4mNY4sP54QxspAEfeVaUPKeMOg8Eul
21,"Sed sollicitudin, diam molestie ultrices convallis, augue sapien dapibus turpis, nec pretium turpis libero eget sem. Cras eu turpis odio. Cras rutrum vehicula purus. Nunc sed sagittis magna. Fusce vehicula consequat est, vitae pulvinar est consectetur vitae. Ut ullamcorper mattis sapien, eu convallis sem pharetra eget. Duis sit amet odio et sapien pharetra aliquet commodo nec augue. Praesent porta lorem ipsum, volutpat posuere libero tincidunt faucibus. ",https://i.ytimg.com/vi/n174VWdSlCE/maxresdefault.jpg
22,"Vivamus dolor enim, congue vitae augue faucibus, molestie tincidunt libero. Vestibulum ut urna vitae ante rhoncus tincidunt at ut nisl. Nam odio lacus, porta vitae commodo id, porta eu leo. Nunc faucibus consectetur dui, eget maximus orci luctus non. Maecenas interdum nunc quis est aliquam laoreet. ",http://static.boredpanda.com/blog/wp-content/uploads/2016/04/18-57037e098d8e5__605.jpg
23,"Praesent sed ante et lorem pellentesque aliquam quis et eros. Mauris pretium sem nec lacus ultricies, nec elementum nisi molestie. Integer hendrerit, leo blandit consequat rutrum, eros velit volutpat elit, congue faucibus erat nulla at mauris. Sed mattis tellus sit amet risus dignissim, eget posuere felis imperdiet. Morbi dignissim magna augue, eu maximus lacus bibendum in. Nulla pretium eu massa eget dictum. ",http://cdn.earthporm.com/wp-content/uploads/2014/07/unusual-animal-friendship-3-1.jpg
24,"Mauris erat diam, fringilla nec laoreet a, ultricies convallis neque. Nunc condimentum nec ligula viverra tristique. Nulla ut eros non ex ullamcorper pharetra. ",https://encrypted-tbn2.gstatic.com/images?q=tbn:ANd9GcSomMTcY50viBCTBiEEaSVOHybg465eIUiz9qKPGGS-cte2aXev
25,"Sed luctus, enim quis finibus ultrices, lacus libero ornare metus, eu efficitur elit mi in purus. Pellentesque a odio fermentum, feugiat nibh eget, laoreet velit. Quisque eget diam ac turpis rutrum efficitur eget in lectus. Nunc viverra iaculis semper. Nulla quis eros augue. Proin ullamcorper nulla sed nunc pulvinar, non dignissim arcu vulputate. ",http://yourshot.nationalgeographic.com/u/fQYSUbVfts-T7pS2VP2wnKyN8wxywmXtY0-FwsgxoQufDJR20dfArh3C8-z7w3383gb2b9Zkfbl1RC-xHSA3/
26,"Nunc sodales risus urna, eu tristique velit laoreet ac. Vestibulum at venenatis diam. Maecenas ut quam a neque consectetur iaculis id a magna. Nulla eget diam sed dui vehicula sodales a sit amet eros. Ut placerat rhoncus velit sed ultricies. Mauris ipsum dui, rutrum eget justo ut, fringilla rhoncus libero.  ",https://encrypted-tbn0.gstatic.com/images?q=tbn:ANd9GcSWMZryzqrs-ghNQrNww_MoyZaWJViDsc6FPgBmvXQ8Tg_8dEkl
27,"Pellentesque tincidunt urna sed odio tempor ultricies. Duis rhoncus augue odio, in pretium tellus lobortis ac. Nulla ac quam vel ante pulvinar tempor. Nunc varius ipsum a ultricies lacinia. Duis mollis aliquet nulla eget consequat. ",http://news.nationalgeographic.com/content/dam/news/2016/04/19/animalsshakespeare/01animalsshakespeare.ngsversion.1461090606532.adapt.768.1.jpg
28,"Sed ipsum ligula, sollicitudin id ligula ac, consequat scelerisque est. Sed dignissim, tortor venenatis vehicula varius, leo erat feugiat ante, vel ultrices arcu quam nec odio. ",http://www.telegraph.co.uk/content/dam/Travel/leadAssets/34/99/quiz3_3499890a-large.jpg
29,"ed posuere, elit sed vestibulum posuere, ipsum magna euismod lectus, sit amet mattis lectus lacus in magna. In mollis vitae ligula a lobortis. Vestibulum posuere velit ac diam pellentesque dapibus. Etiam consectetur, sem ac fringilla lobortis, diam dolor malesuada enim, a mattis nulla nunc nec eros. Praesent pellentesque purus a mi eleifend, eget fringilla ligula feugiat. Quisque sit amet ex vehicula, tincidunt nisl sed, maximus leo. Pellentesque risus eros, tristique non malesuada id, vehicula id eros. Nullam viverra turpis nulla. Quisque vel mollis elit. ",http://img4.cache.netease.com/photo/0009/2015-05-20/AQ2T13BJ0AI20009.jpg
30,"Lorem ipsum dolor sit amet, consectetur adipiscing elit. Sed vehicula volutpat augue, non venenatis eros varius at. Vivamus non odio porttitor, sagittis nisi vel, aliquet lacus. Nunc fringilla vitae nibh a sollicitudin. Nunc tincidunt libero vitae libero lobortis, sed lacinia felis maximus.  ",http://news.nationalgeographic.com/content/dam/news/2016/02/24/01highanimals.jpg
31,"Ut ligula augue, mattis sed urna et, vehicula suscipit diam. Cras tincidunt orci fringilla diam convallis, sed sagittis ante imperdiet. Fusce lobortis diam sit amet nulla iaculis mollis. Pellentesque arcu libero, accumsan vel vehicula in, volutpat et libero. In finibus gravida tellus. Nulla facilisi. Maecenas gravida, tellus eu mollis consequat, elit augue sodales nisl, tempus aliquet nunc dolor eget nisi. Donec eget turpis vitae tortor fermentum pretium sed sit amet quam. Pellentesque quis sem id arcu accumsan consectetur ac sit amet nisl. ",https://encrypted-tbn3.gstatic.com/images?q=tbn:ANd9GcReSVk-cbYf9MD7_4auYkoL31lQR74HtsChbepL1cXjuZADzdyQ
32,"Nam sit amet molestie lorem, et sodales magna. Nulla et arcu non ipsum lacinia lobortis vitae in nunc. Suspendisse sed lorem sapien. Phasellus pellentesque mauris id congue egestas.  ",http://www.travelandleisure.com/sites/default/files/styles/tnl_redesign_article_landing_page/public/201407-w-best-places-to-see-baby-animals-baby-giraffe.jpg?itok=S4qnPuqg
33,"Proin pretium suscipit magna nec iaculis. Pellentesque pulvinar lectus eget magna sagittis rhoncus. Pellentesque vulputate, odio ut viverra interdum, mi justo sollicitudin enim, ac rhoncus turpis neque eget ipsum. ",https://aos.iacpublishinglabs.com/question/aq/700px-394px/animals-live-greenland_ea9f9fbd82eeded1.jpg?domain=cx.aos.ask.com
